stateid,weekid,dose1,dose2
AP,1,0,0
AP,2,0,0
AP,3,0,0
AP,4,0,0
AP,5,0,0
AP,6,0,0
AP,7,0,0
AP,8,0,0
AP,9,0,0
AP,10,0,0
AP,11,0,0
AP,12,0,0
AP,13,0,0
AP,14,0,0
AP,15,0,0
AP,16,0,0
AP,17,0,0
AP,18,0,0
AP,19,0,0
AP,20,0,0
AP,21,0,0
AP,22,0,0
AP,23,0,0
AP,24,0,0
AP,25,0,0
AP,26,0,0
AP,27,0,0
AP,28,0,0
AP,29,0,0
AP,30,0,0
AP,31,0,0
AP,32,0,0
AP,33,0,0
AP,34,0,0
AP,35,0,0
AP,36,0,0
AP,37,0,0
AP,38,0,0
AP,39,0,0
AP,40,0,0
AP,41,0,0
AP,42,0,0
AP,43,0,0
AP,44,4216,0
AP,45,66164,0
AP,46,63191,0
AP,47,112367,0
AP,48,67569,6233
AP,49,100311,81237
AP,50,122137,50342
AP,51,117103,45307
AP,52,195605,54193
AP,53,445838,61917
AP,54,667934,73728
AP,55,604379,47066
AP,56,714537,101863
AP,57,728632,76034
AP,58,533335,528629
AP,59,631642,392788
AP,60,261632,454871
AP,61,48503,193005
AP,62,79268,180783
AP,63,1710372,133539
AP,64,956613,90939
AP,65,1025779,47528
AP,66,593831,32276
AP,67,2069989,254321
AP,68,1251921,361815
AP,69,299752,204683
AP,70,1035127,644884
AP,71,402582,537279
AP,72,1186472,917332
AP,73,1380322,567504
AP,74,1039018,345116
AR,1,0,0
AR,2,0,0
AR,3,0,0
AR,4,0,0
AR,5,0,0
AR,6,0,0
AR,7,0,0
AR,8,0,0
AR,9,0,0
AR,10,0,0
AR,11,0,0
AR,12,0,0
AR,13,0,0
AR,14,0,0
AR,15,0,0
AR,16,0,0
AR,17,0,0
AR,18,0,0
AR,19,0,0
AR,20,0,0
AR,21,0,0
AR,22,0,0
AR,23,0,0
AR,24,0,0
AR,25,0,0
AR,26,0,0
AR,27,0,0
AR,28,0,0
AR,29,0,0
AR,30,0,0
AR,31,0,0
AR,32,0,0
AR,33,0,0
AR,34,0,0
AR,35,0,0
AR,36,0,0
AR,37,0,0
AR,38,0,0
AR,39,0,0
AR,40,0,0
AR,41,0,0
AR,42,0,0
AR,43,0,0
AR,44,65,0
AR,45,2328,0
AR,46,3860,0
AR,47,2683,0
AR,48,3320,382
AR,49,6582,3696
AR,50,5999,2696
AR,51,12351,2700
AR,52,8802,2458
AR,53,10631,3646
AR,54,11145,3439
AR,55,9421,3348
AR,56,21598,6714
AR,57,30030,7018
AR,58,24421,9259
AR,59,21669,8700
AR,60,15276,13422
AR,61,10069,7322
AR,62,24571,158
AR,63,8972,195
AR,64,22426,316
AR,65,35706,427
AR,66,60980,557
AR,67,67099,1771
AR,68,60880,7480
AR,69,52972,19764
AR,70,32772,21002
AR,71,23352,18310
AR,72,16398,13233
AR,73,15724,8389
AR,74,12108,14466
AS,1,0,0
AS,2,0,0
AS,3,0,0
AS,4,0,0
AS,5,0,0
AS,6,0,0
AS,7,0,0
AS,8,0,0
AS,9,0,0
AS,10,0,0
AS,11,0,0
AS,12,0,0
AS,13,0,0
AS,14,0,0
AS,15,0,0
AS,16,0,0
AS,17,0,0
AS,18,0,0
AS,19,0,0
AS,20,0,0
AS,21,0,0
AS,22,0,0
AS,23,0,0
AS,24,0,0
AS,25,0,0
AS,26,0,0
AS,27,0,0
AS,28,0,0
AS,29,0,0
AS,30,0,0
AS,31,0,0
AS,32,0,0
AS,33,0,0
AS,34,0,0
AS,35,0,0
AS,36,0,0
AS,37,0,0
AS,38,0,0
AS,39,0,0
AS,40,0,0
AS,41,0,0
AS,42,0,0
AS,43,0,0
AS,44,401,0
AS,45,3660,0
AS,46,26512,0
AS,47,47925,0
AS,48,43552,2006
AS,49,31279,8584
AS,50,42047,17168
AS,51,148225,24810
AS,52,126257,31299
AS,53,87796,24516
AS,54,332813,33017
AS,55,140106,32020
AS,56,205566,76537
AS,57,59536,40762
AS,58,297277,122152
AS,59,427578,140664
AS,60,325788,103004
AS,61,285358,74338
AS,62,306861,46646
AS,63,308163,49656
AS,64,220749,20593
AS,65,374072,69556
AS,66,427672,138079
AS,67,1389486,127319
AS,68,643862,111854
AS,69,263231,50524
AS,70,671272,181569
AS,71,720674,184910
AS,72,751471,217665
AS,73,1480028,220949
AS,74,1240836,292703
BR,1,0,0
BR,2,0,0
BR,3,0,0
BR,4,0,0
BR,5,0,0
BR,6,0,0
BR,7,0,0
BR,8,0,0
BR,9,0,0
BR,10,0,0
BR,11,0,0
BR,12,0,0
BR,13,0,0
BR,14,0,0
BR,15,0,0
BR,16,0,0
BR,17,0,0
BR,18,0,0
BR,19,0,0
BR,20,0,0
BR,21,0,0
BR,22,0,0
BR,23,0,0
BR,24,0,0
BR,25,0,0
BR,26,0,0
BR,27,0,0
BR,28,0,0
BR,29,0,0
BR,30,0,0
BR,31,0,0
BR,32,0,0
BR,33,0,0
BR,34,0,0
BR,35,0,0
BR,36,0,0
BR,37,0,0
BR,38,0,0
BR,39,0,0
BR,40,0,0
BR,41,0,0
BR,42,0,0
BR,43,0,0
BR,44,2967,0
BR,45,35442,0
BR,46,67342,0
BR,47,224576,0
BR,48,121379,55
BR,49,67654,38347
BR,50,39961,39826
BR,51,84363,106740
BR,52,429095,107410
BR,53,379926,75699
BR,54,637591,40374
BR,55,672940,28164
BR,56,1190747,100629
BR,57,941202,145577
BR,58,585058,199000
BR,59,448482,237224
BR,60,375673,359313
BR,61,875670,211098
BR,62,612349,40111
BR,63,638997,43592
BR,64,652055,65897
BR,65,948946,67327
BR,66,1439227,131631
BR,67,2036374,137168
BR,68,1215113,220262
BR,69,1158201,278383
BR,70,1671900,436012
BR,71,1098865,293284
BR,72,1899663,487583
BR,73,2393761,508959
BR,74,2221859,459602
CH,1,0,0
CH,2,0,0
CH,3,0,0
CH,4,0,0
CH,5,0,0
CH,6,0,0
CH,7,0,0
CH,8,0,0
CH,9,0,0
CH,10,0,0
CH,11,0,0
CH,12,0,0
CH,13,0,0
CH,14,0,0
CH,15,0,0
CH,16,0,0
CH,17,0,0
CH,18,0,0
CH,19,0,0
CH,20,0,0
CH,21,0,0
CH,22,0,0
CH,23,0,0
CH,24,0,0
CH,25,0,0
CH,26,0,0
CH,27,0,0
CH,28,0,0
CH,29,0,0
CH,30,0,0
CH,31,0,0
CH,32,0,0
CH,33,0,0
CH,34,0,0
CH,35,0,0
CH,36,0,0
CH,37,0,0
CH,38,0,0
CH,39,0,0
CH,40,0,0
CH,41,0,0
CH,42,0,0
CH,43,0,0
CH,44,120,0
CH,45,670,0
CH,46,1416,0
CH,47,1652,0
CH,48,2851,117
CH,49,3670,629
CH,50,6548,894
CH,51,10599,1513
CH,52,10773,2549
CH,53,9532,3134
CH,54,7357,2411
CH,55,19340,2062
CH,56,22216,4955
CH,57,20990,7256
CH,58,20260,11207
CH,59,25605,12890
CH,60,23846,13379
CH,61,23717,10676
CH,62,26558,950
CH,63,27027,232
CH,64,38028,244
CH,65,22874,633
CH,66,47250,1427
CH,67,44405,4400
CH,68,39330,13394
CH,69,33578,20091
CH,70,48697,22202
CH,71,38004,30968
CH,72,45069,26949
CH,73,64627,23069
CH,74,46970,26120
CT,1,0,0
CT,2,0,0
CT,3,0,0
CT,4,0,0
CT,5,0,0
CT,6,0,0
CT,7,0,0
CT,8,0,0
CT,9,0,0
CT,10,0,0
CT,11,0,0
CT,12,0,0
CT,13,0,0
CT,14,0,0
CT,15,0,0
CT,16,0,0
CT,17,0,0
CT,18,0,0
CT,19,0,0
CT,20,0,0
CT,21,0,0
CT,22,0,0
CT,23,0,0
CT,24,0,0
CT,25,0,0
CT,26,0,0
CT,27,0,0
CT,28,0,0
CT,29,0,0
CT,30,0,0
CT,31,0,0
CT,32,0,0
CT,33,0,0
CT,34,0,0
CT,35,0,0
CT,36,0,0
CT,37,0,0
CT,38,0,0
CT,39,0,0
CT,40,0,0
CT,41,0,0
CT,42,0,0
CT,43,0,0
CT,44,1001,0
CT,45,10862,0
CT,46,44729,0
CT,47,95417,0
CT,48,94083,841
CT,49,92098,19581
CT,50,35240,30549
CT,51,133808,68503
CT,52,186249,70839
CT,53,376762,76392
CT,54,346289,37823
CT,55,868490,31522
CT,56,1394756,66798
CT,57,644864,86564
CT,58,332694,108307
CT,59,153667,140814
CT,60,81575,138946
CT,61,99265,193632
CT,62,33664,11220
CT,63,33832,11242
CT,64,23811,28498
CT,65,16590,26277
CT,66,20765,28275
CT,67,1015565,203500
CT,68,942359,262681
CT,69,324093,182849
CT,70,392510,146820
CT,71,370054,165567
CT,72,367534,164757
CT,73,483921,239660
CT,74,256296,210601
DL,1,0,0
DL,2,0,0
DL,3,0,0
DL,4,0,0
DL,5,0,0
DL,6,0,0
DL,7,0,0
DL,8,0,0
DL,9,0,0
DL,10,0,0
DL,11,0,0
DL,12,0,0
DL,13,0,0
DL,14,0,0
DL,15,0,0
DL,16,0,0
DL,17,0,0
DL,18,0,0
DL,19,0,0
DL,20,0,0
DL,21,0,0
DL,22,0,0
DL,23,0,0
DL,24,0,0
DL,25,0,0
DL,26,0,0
DL,27,0,0
DL,28,0,0
DL,29,0,0
DL,30,0,0
DL,31,0,0
DL,32,0,0
DL,33,0,0
DL,34,0,0
DL,35,0,0
DL,36,0,0
DL,37,0,0
DL,38,0,0
DL,39,0,0
DL,40,0,0
DL,41,0,0
DL,42,0,0
DL,43,0,0
DL,44,892,0
DL,45,11420,0
DL,46,32446,0
DL,47,52734,0
DL,48,80682,1967
DL,49,112963,16306
DL,50,76562,20459
DL,51,59191,29532
DL,52,71391,52494
DL,53,80893,70747
DL,54,99515,51811
DL,55,532730,38432
DL,56,493931,75593
DL,57,415749,94245
DL,58,274836,114710
DL,59,216007,145011
DL,60,432516,150147
DL,61,420102,185393
DL,62,472965,104987
DL,63,211070,52037
DL,64,222480,81145
DL,65,267860,155638
DL,66,304796,137733
DL,67,685715,121819
DL,68,837050,206630
DL,69,347699,169735
DL,70,320221,135129
DL,71,155109,172376
DL,72,93217,280822
DL,73,361519,270569
DL,74,506741,329534
DN,1,0,0
DN,2,0,0
DN,3,0,0
DN,4,0,0
DN,5,0,0
DN,6,0,0
DN,7,0,0
DN,8,0,0
DN,9,0,0
DN,10,0,0
DN,11,0,0
DN,12,0,0
DN,13,0,0
DN,14,0,0
DN,15,0,0
DN,16,0,0
DN,17,0,0
DN,18,0,0
DN,19,0,0
DN,20,0,0
DN,21,0,0
DN,22,0,0
DN,23,0,0
DN,24,0,0
DN,25,0,0
DN,26,0,0
DN,27,0,0
DN,28,0,0
DN,29,0,0
DN,30,0,0
DN,31,0,0
DN,32,0,0
DN,33,0,0
DN,34,0,0
DN,35,0,0
DN,36,0,0
DN,37,0,0
DN,38,0,0
DN,39,0,0
DN,40,0,0
DN,41,0,0
DN,42,0,0
DN,43,0,0
DN,44,23,0
DN,45,257,0
DN,46,572,0
DN,47,1403,0
DN,48,1805,71
DN,49,2316,394
DN,50,928,209
DN,51,3942,1210
DN,52,3086,1358
DN,53,4011,1348
DN,54,3713,680
DN,55,12368,1248
DN,56,24706,2260
DN,57,12834,2401
DN,58,4752,2206
DN,59,3037,3182
DN,60,2813,4205
DN,61,9081,5099
DN,62,28723,38
DN,63,40317,49
DN,64,36291,104
DN,65,43328,283
DN,66,41145,579
DN,67,60008,4986
DN,68,77257,15723
DN,69,47581,12135
DN,70,44556,6787
DN,71,19373,4797
DN,72,24891,3418
DN,73,25170,4142
DN,74,18093,11509
GA,1,0,0
GA,2,0,0
GA,3,0,0
GA,4,0,0
GA,5,0,0
GA,6,0,0
GA,7,0,0
GA,8,0,0
GA,9,0,0
GA,10,0,0
GA,11,0,0
GA,12,0,0
GA,13,0,0
GA,14,0,0
GA,15,0,0
GA,16,0,0
GA,17,0,0
GA,18,0,0
GA,19,0,0
GA,20,0,0
GA,21,0,0
GA,22,0,0
GA,23,0,0
GA,24,0,0
GA,25,0,0
GA,26,0,0
GA,27,0,0
GA,28,0,0
GA,29,0,0
GA,30,0,0
GA,31,0,0
GA,32,0,0
GA,33,0,0
GA,34,0,0
GA,35,0,0
GA,36,0,0
GA,37,0,0
GA,38,0,0
GA,39,0,0
GA,40,0,0
GA,41,0,0
GA,42,0,0
GA,43,0,0
GA,44,50,0
GA,45,921,0
GA,46,2493,0
GA,47,3996,0
GA,48,5817,309
GA,49,2845,964
GA,50,3748,1477
GA,51,17024,4156
GA,52,18901,4802
GA,53,20455,2625
GA,54,15441,2831
GA,55,19828,4451
GA,56,28866,9070
GA,57,51493,14593
GA,58,45666,16298
GA,59,44461,11688
GA,60,27329,9744
GA,61,32909,11207
GA,62,47020,453
GA,63,37256,293
GA,64,41010,1289
GA,65,56267,1598
GA,66,122640,3077
GA,67,101915,6866
GA,68,104524,20017
GA,69,64429,38377
GA,70,58469,42474
GA,71,37450,36859
GA,72,41482,26878
GA,73,32680,22663
GA,74,25430,34850
GJ,1,0,0
GJ,2,0,0
GJ,3,0,0
GJ,4,0,0
GJ,5,0,0
GJ,6,0,0
GJ,7,0,0
GJ,8,0,0
GJ,9,0,0
GJ,10,0,0
GJ,11,0,0
GJ,12,0,0
GJ,13,0,0
GJ,14,0,0
GJ,15,0,0
GJ,16,0,0
GJ,17,0,0
GJ,18,0,0
GJ,19,0,0
GJ,20,0,0
GJ,21,0,0
GJ,22,0,0
GJ,23,0,0
GJ,24,0,0
GJ,25,0,0
GJ,26,0,0
GJ,27,0,0
GJ,28,0,0
GJ,29,0,0
GJ,30,0,0
GJ,31,0,0
GJ,32,0,0
GJ,33,0,0
GJ,34,0,0
GJ,35,0,0
GJ,36,0,0
GJ,37,0,0
GJ,38,0,0
GJ,39,0,0
GJ,40,0,0
GJ,41,0,0
GJ,42,0,0
GJ,43,0,0
GJ,44,1605,0
GJ,45,51983,0
GJ,46,194310,0
GJ,47,245171,0
GJ,48,291320,2
GJ,49,57296,66465
GJ,50,13272,125119
GJ,51,620823,185103
GJ,52,605870,171542
GJ,53,929798,118000
GJ,54,1388109,23579
GJ,55,2484444,216393
GJ,56,1941424,290854
GJ,57,958976,394018
GJ,58,628339,582616
GJ,59,713444,766517
GJ,60,770309,720674
GJ,61,688081,689574
GJ,62,428121,57053
GJ,63,1717057,189086
GJ,64,1840225,191744
GJ,65,1819068,304854
GJ,66,1793511,253286
GJ,67,2231785,676560
GJ,68,1401469,698737
GJ,69,773334,440580
GJ,70,1268033,647873
GJ,71,1433586,701432
GJ,72,1433263,728640
GJ,73,2184334,957402
GJ,74,2799250,905639
HP,1,0,0
HP,2,0,0
HP,3,0,0
HP,4,0,0
HP,5,0,0
HP,6,0,0
HP,7,0,0
HP,8,0,0
HP,9,0,0
HP,10,0,0
HP,11,0,0
HP,12,0,0
HP,13,0,0
HP,14,0,0
HP,15,0,0
HP,16,0,0
HP,17,0,0
HP,18,0,0
HP,19,0,0
HP,20,0,0
HP,21,0,0
HP,22,0,0
HP,23,0,0
HP,24,0,0
HP,25,0,0
HP,26,0,0
HP,27,0,0
HP,28,0,0
HP,29,0,0
HP,30,0,0
HP,31,0,0
HP,32,0,0
HP,33,0,0
HP,34,0,0
HP,35,0,0
HP,36,0,0
HP,37,0,0
HP,38,0,0
HP,39,0,0
HP,40,0,0
HP,41,0,0
HP,42,0,0
HP,43,0,0
HP,44,202,0
HP,45,5194,0
HP,46,17391,0
HP,47,26548,0
HP,48,27408,449
HP,49,17826,11382
HP,50,6358,8662
HP,51,19965,24530
HP,52,45478,18159
HP,53,86720,16137
HP,54,96216,6943
HP,55,171215,4712
HP,56,316877,14461
HP,57,306340,28920
HP,58,211200,48268
HP,59,207334,78505
HP,60,136934,98532
HP,61,85344,73015
HP,62,116810,552
HP,63,94894,381
HP,64,92799,582
HP,65,62903,1784
HP,66,226885,4330
HP,67,631361,31560
HP,68,368035,135788
HP,69,44938,250204
HP,70,81829,181931
HP,71,235879,127003
HP,72,208385,106633
HP,73,240951,87535
HP,74,760570,152737
HR,1,0,0
HR,2,0,0
HR,3,0,0
HR,4,0,0
HR,5,0,0
HR,6,0,0
HR,7,0,0
HR,8,0,0
HR,9,0,0
HR,10,0,0
HR,11,0,0
HR,12,0,0
HR,13,0,0
HR,14,0,0
HR,15,0,0
HR,16,0,0
HR,17,0,0
HR,18,0,0
HR,19,0,0
HR,20,0,0
HR,21,0,0
HR,22,0,0
HR,23,0,0
HR,24,0,0
HR,25,0,0
HR,26,0,0
HR,27,0,0
HR,28,0,0
HR,29,0,0
HR,30,0,0
HR,31,0,0
HR,32,0,0
HR,33,0,0
HR,34,0,0
HR,35,0,0
HR,36,0,0
HR,37,0,0
HR,38,0,0
HR,39,0,0
HR,40,0,0
HR,41,0,0
HR,42,0,0
HR,43,0,0
HR,44,1864,0
HR,45,41486,0
HR,46,51793,0
HR,47,13821,0
HR,48,68718,590
HR,49,26450,18663
HR,50,13841,42413
HR,51,43546,12757
HR,52,106522,28108
HR,53,353390,25684
HR,54,368204,14043
HR,55,504758,17502
HR,56,494257,34852
HR,57,617594,121770
HR,58,325976,154159
HR,59,179947,94592
HR,60,361423,149404
HR,61,403805,201816
HR,62,434462,29461
HR,63,404594,42523
HR,64,389453,29997
HR,65,481040,44666
HR,66,493967,83130
HR,67,951790,151909
HR,68,672968,256587
HR,69,299067,188721
HR,70,409281,251858
HR,71,281337,192072
HR,72,523463,318346
HR,73,633504,336860
HR,74,539785,349022
JH,1,0,0
JH,2,0,0
JH,3,0,0
JH,4,0,0
JH,5,0,0
JH,6,0,0
JH,7,0,0
JH,8,0,0
JH,9,0,0
JH,10,0,0
JH,11,0,0
JH,12,0,0
JH,13,0,0
JH,14,0,0
JH,15,0,0
JH,16,0,0
JH,17,0,0
JH,18,0,0
JH,19,0,0
JH,20,0,0
JH,21,0,0
JH,22,0,0
JH,23,0,0
JH,24,0,0
JH,25,0,0
JH,26,0,0
JH,27,0,0
JH,28,0,0
JH,29,0,0
JH,30,0,0
JH,31,0,0
JH,32,0,0
JH,33,0,0
JH,34,0,0
JH,35,0,0
JH,36,0,0
JH,37,0,0
JH,38,0,0
JH,39,0,0
JH,40,0,0
JH,41,0,0
JH,42,0,0
JH,43,0,0
JH,44,326,0
JH,45,3620,0
JH,46,25946,0
JH,47,53414,0
JH,48,106371,1906
JH,49,62509,9222
JH,50,29696,11489
JH,51,58080,35603
JH,52,99308,76634
JH,53,243479,66661
JH,54,624882,33110
JH,55,145431,14994
JH,56,453537,30996
JH,57,411287,48709
JH,58,150172,72590
JH,59,92588,72261
JH,60,62769,78407
JH,61,155611,90243
JH,62,312272,11885
JH,63,216645,22766
JH,64,299606,37729
JH,65,465843,44856
JH,66,536342,105671
JH,67,756955,114507
JH,68,400766,96600
JH,69,405923,165906
JH,70,410646,196571
JH,71,314976,120545
JH,72,638458,198014
JH,73,462695,141820
JH,74,520945,167562
JK,1,0,0
JK,2,0,0
JK,3,0,0
JK,4,0,0
JK,5,0,0
JK,6,0,0
JK,7,0,0
JK,8,0,0
JK,9,0,0
JK,10,0,0
JK,11,0,0
JK,12,0,0
JK,13,0,0
JK,14,0,0
JK,15,0,0
JK,16,0,0
JK,17,0,0
JK,18,0,0
JK,19,0,0
JK,20,0,0
JK,21,0,0
JK,22,0,0
JK,23,0,0
JK,24,0,0
JK,25,0,0
JK,26,0,0
JK,27,0,0
JK,28,0,0
JK,29,0,0
JK,30,0,0
JK,31,0,0
JK,32,0,0
JK,33,0,0
JK,34,0,0
JK,35,0,0
JK,36,0,0
JK,37,0,0
JK,38,0,0
JK,39,0,0
JK,40,0,0
JK,41,0,0
JK,42,0,0
JK,43,0,0
JK,44,447,0
JK,45,5221,0
JK,46,15593,0
JK,47,19648,0
JK,48,76768,722
JK,49,68420,5536
JK,50,36289,9429
JK,51,66458,9418
JK,52,73822,31109
JK,53,107215,54887
JK,54,113114,34887
JK,55,154072,15302
JK,56,358537,29528
JK,57,263001,39565
JK,58,332605,75128
JK,59,304779,74739
JK,60,240266,100981
JK,61,77082,51755
JK,62,104847,4427
JK,63,281672,5436
JK,64,196504,22221
JK,65,172502,17637
JK,66,282829,19319
JK,67,291914,37027
JK,68,369468,107633
JK,69,280445,74628
JK,70,219413,148004
JK,71,174117,164160
JK,72,219244,175570
JK,73,328255,146468
JK,74,311680,117916
KA,1,0,0
KA,2,0,0
KA,3,0,0
KA,4,0,0
KA,5,0,0
KA,6,0,0
KA,7,0,0
KA,8,0,0
KA,9,0,0
KA,10,0,0
KA,11,0,0
KA,12,0,0
KA,13,0,0
KA,14,0,0
KA,15,0,0
KA,16,0,0
KA,17,0,0
KA,18,0,0
KA,19,0,0
KA,20,0,0
KA,21,0,0
KA,22,0,0
KA,23,0,0
KA,24,0,0
KA,25,0,0
KA,26,0,0
KA,27,0,0
KA,28,0,0
KA,29,0,0
KA,30,0,0
KA,31,0,0
KA,32,0,0
KA,33,0,0
KA,34,0,0
KA,35,0,0
KA,36,0,0
KA,37,0,0
KA,38,0,0
KA,39,0,0
KA,40,0,0
KA,41,0,0
KA,42,0,0
KA,43,0,0
KA,44,3912,0
KA,45,105865,0
KA,46,186574,0
KA,47,78627,0
KA,48,125953,15
KA,49,112992,127425
KA,50,57611,121510
KA,51,76331,25778
KA,52,398493,96311
KA,53,1114568,81640
KA,54,940314,48366
KA,55,1413483,54016
KA,56,1726036,104781
KA,57,1098215,219153
KA,58,1127314,497095
KA,59,832258,541525
KA,60,455654,490549
KA,61,401740,547069
KA,62,638530,131275
KA,63,1648238,124584
KA,64,2113476,173309
KA,65,2158492,173944
KA,66,1633082,251595
KA,67,3342458,398328
KA,68,1836992,651825
KA,69,1482177,803132
KA,70,1303055,734018
KA,71,1095426,756893
KA,72,1147943,744258
KA,73,1889451,891226
KA,74,1393579,654488
KL,1,0,0
KL,2,0,0
KL,3,0,0
KL,4,0,0
KL,5,0,0
KL,6,0,0
KL,7,0,0
KL,8,0,0
KL,9,0,0
KL,10,0,0
KL,11,0,0
KL,12,0,0
KL,13,0,0
KL,14,0,0
KL,15,0,0
KL,16,0,0
KL,17,0,0
KL,18,0,0
KL,19,0,0
KL,20,0,0
KL,21,0,0
KL,22,0,0
KL,23,0,0
KL,24,0,0
KL,25,0,0
KL,26,0,0
KL,27,0,0
KL,28,0,0
KL,29,0,0
KL,30,0,0
KL,31,0,0
KL,32,0,0
KL,33,0,0
KL,34,0,0
KL,35,0,0
KL,36,0,0
KL,37,0,0
KL,38,0,0
KL,39,0,0
KL,40,0,0
KL,41,0,0
KL,42,0,0
KL,43,0,0
KL,44,1681,0
KL,45,20263,0
KL,46,112281,0
KL,47,137506,0
KL,48,66436,0
KL,49,68561,38833
KL,50,82385,65387
KL,51,266903,82935
KL,52,286070,92459
KL,53,390816,70974
KL,54,467076,38955
KL,55,1516422,32545
KL,56,854454,70808
KL,57,887737,181061
KL,58,630273,365230
KL,59,281370,316503
KL,60,117046,409013
KL,61,239070,226940
KL,62,197415,28874
KL,63,546842,24247
KL,64,887365,112227
KL,65,885763,80716
KL,66,733169,188591
KL,67,829185,550951
KL,68,656728,624472
KL,69,381780,520910
KL,70,445090,538167
KL,71,887317,926404
KL,72,1234251,466643
KL,73,1305579,311750
KL,74,1864857,292218
LA,1,0,0
LA,2,0,0
LA,3,0,0
LA,4,0,0
LA,5,0,0
LA,6,0,0
LA,7,0,0
LA,8,0,0
LA,9,0,0
LA,10,0,0
LA,11,0,0
LA,12,0,0
LA,13,0,0
LA,14,0,0
LA,15,0,0
LA,16,0,0
LA,17,0,0
LA,18,0,0
LA,19,0,0
LA,20,0,0
LA,21,0,0
LA,22,0,0
LA,23,0,0
LA,24,0,0
LA,25,0,0
LA,26,0,0
LA,27,0,0
LA,28,0,0
LA,29,0,0
LA,30,0,0
LA,31,0,0
LA,32,0,0
LA,33,0,0
LA,34,0,0
LA,35,0,0
LA,36,0,0
LA,37,0,0
LA,38,0,0
LA,39,0,0
LA,40,0,0
LA,41,0,0
LA,42,0,0
LA,43,0,0
LA,44,9,0
LA,45,321,0
LA,46,629,0
LA,47,858,0
LA,48,1014,71
LA,49,2952,529
LA,50,3629,329
LA,51,4975,1049
LA,52,16350,926
LA,53,7582,2367
LA,54,1399,1382
LA,55,12989,228
LA,56,11811,1032
LA,57,2639,2749
LA,58,4557,14163
LA,59,3270,9633
LA,60,8048,2030
LA,61,3613,764
LA,62,8160,7
LA,63,22031,20
LA,64,23530,33
LA,65,13316,69
LA,66,8127,96
LA,67,6862,9816
LA,68,5132,11037
LA,69,7582,2400
LA,70,3585,1439
LA,71,800,1102
LA,72,1311,4375
LA,73,1345,2313
LA,74,1109,2866
LD,1,0,0
LD,2,0,0
LD,3,0,0
LD,4,0,0
LD,5,0,0
LD,6,0,0
LD,7,0,0
LD,8,0,0
LD,9,0,0
LD,10,0,0
LD,11,0,0
LD,12,0,0
LD,13,0,0
LD,14,0,0
LD,15,0,0
LD,16,0,0
LD,17,0,0
LD,18,0,0
LD,19,0,0
LD,20,0,0
LD,21,0,0
LD,22,0,0
LD,23,0,0
LD,24,0,0
LD,25,0,0
LD,26,0,0
LD,27,0,0
LD,28,0,0
LD,29,0,0
LD,30,0,0
LD,31,0,0
LD,32,0,0
LD,33,0,0
LD,34,0,0
LD,35,0,0
LD,36,0,0
LD,37,0,0
LD,38,0,0
LD,39,0,0
LD,40,0,0
LD,41,0,0
LD,42,0,0
LD,43,0,0
LD,44,16,0
LD,45,718,0
LD,46,73,0
LD,47,26,0
LD,48,742,0
LD,49,114,81
LD,50,135,26
LD,51,115,32
LD,52,1066,720
LD,53,623,628
LD,54,539,194
LD,55,1411,140
LD,56,4572,736
LD,57,4011,427
LD,58,3092,785
LD,59,1917,505
LD,60,1070,1179
LD,61,1212,1353
LD,62,1654,115
LD,63,2086,23
LD,64,6130,28
LD,65,7684,105
LD,66,5120,81
LD,67,2127,325
LD,68,831,1065
LD,69,852,2122
LD,70,1010,2340
LD,71,692,1432
LD,72,600,1529
LD,73,613,890
LD,74,827,1014
MH,1,0,0
MH,2,0,0
MH,3,0,0
MH,4,0,0
MH,5,0,0
MH,6,0,0
MH,7,0,0
MH,8,0,0
MH,9,0,0
MH,10,0,0
MH,11,0,0
MH,12,0,0
MH,13,0,0
MH,14,0,0
MH,15,0,0
MH,16,0,0
MH,17,0,0
MH,18,0,0
MH,19,0,0
MH,20,0,0
MH,21,0,0
MH,22,0,0
MH,23,0,0
MH,24,0,0
MH,25,0,0
MH,26,0,0
MH,27,0,0
MH,28,0,0
MH,29,0,0
MH,30,0,0
MH,31,0,0
MH,32,0,0
MH,33,0,0
MH,34,0,0
MH,35,0,0
MH,36,0,0
MH,37,0,0
MH,38,0,0
MH,39,0,0
MH,40,0,0
MH,41,0,0
MH,42,0,0
MH,43,0,0
MH,44,5726,0
MH,45,63569,0
MH,46,164398,0
MH,47,202536,0
MH,48,216572,170
MH,49,215443,45244
MH,50,160121,113244
MH,51,296899,100919
MH,52,681065,152199
MH,53,942257,177480
MH,54,1073250,128956
MH,55,2474201,74336
MH,56,2473839,160829
MH,57,1879952,335766
MH,58,1477489,613961
MH,59,1311233,752567
MH,60,990331,662868
MH,61,1077768,888011
MH,62,627477,181306
MH,63,1375447,133559
MH,64,1568454,250105
MH,65,1415739,401441
MH,66,1440723,309258
MH,67,2912137,503333
MH,68,2025706,870945
MH,69,1527907,887485
MH,70,1738839,1298785
MH,71,1017462,801039
MH,72,1811093,1348164
MH,73,1571135,755234
MH,74,1644580,866488
ML,1,0,0
ML,2,0,0
ML,3,0,0
ML,4,0,0
ML,5,0,0
ML,6,0,0
ML,7,0,0
ML,8,0,0
ML,9,0,0
ML,10,0,0
ML,11,0,0
ML,12,0,0
ML,13,0,0
ML,14,0,0
ML,15,0,0
ML,16,0,0
ML,17,0,0
ML,18,0,0
ML,19,0,0
ML,20,0,0
ML,21,0,0
ML,22,0,0
ML,23,0,0
ML,24,0,0
ML,25,0,0
ML,26,0,0
ML,27,0,0
ML,28,0,0
ML,29,0,0
ML,30,0,0
ML,31,0,0
ML,32,0,0
ML,33,0,0
ML,34,0,0
ML,35,0,0
ML,36,0,0
ML,37,0,0
ML,38,0,0
ML,39,0,0
ML,40,0,0
ML,41,0,0
ML,42,0,0
ML,43,0,0
ML,44,102,0
ML,45,607,0
ML,46,2361,0
ML,47,2515,0
ML,48,7320,91
ML,49,16523,1592
ML,50,10786,1923
ML,51,7128,1902
ML,52,10312,5466
ML,53,10290,10536
ML,54,10160,10000
ML,55,7903,3304
ML,56,17079,3428
ML,57,22439,5708
ML,58,32140,7907
ML,59,79815,8679
ML,60,37901,7371
ML,61,51381,6154
ML,62,33455,92
ML,63,29111,168
ML,64,12953,141
ML,65,24645,226
ML,66,87909,383
ML,67,72202,1434
ML,68,62869,6993
ML,69,62582,14007
ML,70,64914,22242
ML,71,58666,44507
ML,72,52216,34162
ML,73,44129,27889
ML,74,36387,31054
MN,1,0,0
MN,2,0,0
MN,3,0,0
MN,4,0,0
MN,5,0,0
MN,6,0,0
MN,7,0,0
MN,8,0,0
MN,9,0,0
MN,10,0,0
MN,11,0,0
MN,12,0,0
MN,13,0,0
MN,14,0,0
MN,15,0,0
MN,16,0,0
MN,17,0,0
MN,18,0,0
MN,19,0,0
MN,20,0,0
MN,21,0,0
MN,22,0,0
MN,23,0,0
MN,24,0,0
MN,25,0,0
MN,26,0,0
MN,27,0,0
MN,28,0,0
MN,29,0,0
MN,30,0,0
MN,31,0,0
MN,32,0,0
MN,33,0,0
MN,34,0,0
MN,35,0,0
MN,36,0,0
MN,37,0,0
MN,38,0,0
MN,39,0,0
MN,40,0,0
MN,41,0,0
MN,42,0,0
MN,43,0,0
MN,44,181,0
MN,45,916,0
MN,46,1836,0
MN,47,4048,0
MN,48,13830,55
MN,49,16712,1299
MN,50,10789,899
MN,51,13567,2286
MN,52,7923,5503
MN,53,5794,9586
MN,54,5835,10125
MN,55,3825,4142
MN,56,4893,9491
MN,57,12176,6624
MN,58,22112,5755
MN,59,77827,5938
MN,60,61350,5192
MN,61,43660,2830
MN,62,36438,341
MN,63,36977,270
MN,64,40801,580
MN,65,44617,516
MN,66,26946,711
MN,67,37679,925
MN,68,113145,2622
MN,69,132645,8924
MN,70,146530,19403
MN,71,106194,53225
MN,72,79047,48176
MN,73,42589,33042
MN,74,23004,27890
MP,1,0,0
MP,2,0,0
MP,3,0,0
MP,4,0,0
MP,5,0,0
MP,6,0,0
MP,7,0,0
MP,8,0,0
MP,9,0,0
MP,10,0,0
MP,11,0,0
MP,12,0,0
MP,13,0,0
MP,14,0,0
MP,15,0,0
MP,16,0,0
MP,17,0,0
MP,18,0,0
MP,19,0,0
MP,20,0,0
MP,21,0,0
MP,22,0,0
MP,23,0,0
MP,24,0,0
MP,25,0,0
MP,26,0,0
MP,27,0,0
MP,28,0,0
MP,29,0,0
MP,30,0,0
MP,31,0,0
MP,32,0,0
MP,33,0,0
MP,34,0,0
MP,35,0,0
MP,36,0,0
MP,37,0,0
MP,38,0,0
MP,39,0,0
MP,40,0,0
MP,41,0,0
MP,42,0,0
MP,43,0,0
MP,44,9435,0
MP,45,28993,0
MP,46,246354,0
MP,47,48050,0
MP,48,215440,3
MP,49,83365,3806
MP,50,13079,155853
MP,51,173094,72374
MP,52,244648,102524
MP,53,721547,121546
MP,54,762733,40898
MP,55,964061,37378
MP,56,1355698,65413
MP,57,1680420,157460
MP,58,395867,195346
MP,59,100502,151316
MP,60,158351,328523
MP,61,271204,258266
MP,62,554907,62412
MP,63,1070688,31114
MP,64,1698452,48389
MP,65,1159319,109117
MP,66,1008036,112871
MP,67,4480236,302148
MP,68,1337997,455718
MP,69,1345679,976357
MP,70,1040002,225132
MP,71,2118982,534334
MP,72,3543073,620699
MP,73,2381073,472778
MP,74,2453352,451853
MZ,1,0,0
MZ,2,0,0
MZ,3,0,0
MZ,4,0,0
MZ,5,0,0
MZ,6,0,0
MZ,7,0,0
MZ,8,0,0
MZ,9,0,0
MZ,10,0,0
MZ,11,0,0
MZ,12,0,0
MZ,13,0,0
MZ,14,0,0
MZ,15,0,0
MZ,16,0,0
MZ,17,0,0
MZ,18,0,0
MZ,19,0,0
MZ,20,0,0
MZ,21,0,0
MZ,22,0,0
MZ,23,0,0
MZ,24,0,0
MZ,25,0,0
MZ,26,0,0
MZ,27,0,0
MZ,28,0,0
MZ,29,0,0
MZ,30,0,0
MZ,31,0,0
MZ,32,0,0
MZ,33,0,0
MZ,34,0,0
MZ,35,0,0
MZ,36,0,0
MZ,37,0,0
MZ,38,0,0
MZ,39,0,0
MZ,40,0,0
MZ,41,0,0
MZ,42,0,0
MZ,43,0,0
MZ,44,187,0
MZ,45,1591,0
MZ,46,6350,0
MZ,47,857,0
MZ,48,422,77
MZ,49,3010,1802
MZ,50,7273,2386
MZ,51,11492,4186
MZ,52,9577,735
MZ,53,7553,874
MZ,54,2819,1232
MZ,55,992,625
MZ,56,12600,5970
MZ,57,48366,9165
MZ,58,42370,9204
MZ,59,38246,4965
MZ,60,16897,2203
MZ,61,5862,2232
MZ,62,11371,4
MZ,63,10174,84
MZ,64,9675,66
MZ,65,18263,903
MZ,66,85225,246
MZ,67,104712,444
MZ,68,42278,5505
MZ,69,32204,29997
MZ,70,26071,34400
MZ,71,17122,38727
MZ,72,12470,24596
MZ,73,12275,5166
MZ,74,6298,11466
NL,1,0,0
NL,2,0,0
NL,3,0,0
NL,4,0,0
NL,5,0,0
NL,6,0,0
NL,7,0,0
NL,8,0,0
NL,9,0,0
NL,10,0,0
NL,11,0,0
NL,12,0,0
NL,13,0,0
NL,14,0,0
NL,15,0,0
NL,16,0,0
NL,17,0,0
NL,18,0,0
NL,19,0,0
NL,20,0,0
NL,21,0,0
NL,22,0,0
NL,23,0,0
NL,24,0,0
NL,25,0,0
NL,26,0,0
NL,27,0,0
NL,28,0,0
NL,29,0,0
NL,30,0,0
NL,31,0,0
NL,32,0,0
NL,33,0,0
NL,34,0,0
NL,35,0,0
NL,36,0,0
NL,37,0,0
NL,38,0,0
NL,39,0,0
NL,40,0,0
NL,41,0,0
NL,42,0,0
NL,43,0,0
NL,44,94,0
NL,45,1480,0
NL,46,1955,0
NL,47,563,0
NL,48,4949,0
NL,49,10760,3438
NL,50,7607,1562
NL,51,4492,549
NL,52,6971,3567
NL,53,7507,5901
NL,54,8497,5999
NL,55,6977,2354
NL,56,14040,2888
NL,57,32635,4269
NL,58,28724,4520
NL,59,22311,5243
NL,60,12690,6099
NL,61,9802,5388
NL,62,13437,78
NL,63,15068,75
NL,64,19282,119
NL,65,50681,299
NL,66,61452,700
NL,67,61613,1803
NL,68,52805,9616
NL,69,45765,23291
NL,70,42855,25080
NL,71,47226,22436
NL,72,23702,13892
NL,73,13878,7811
NL,74,9561,10963
OR,1,0,0
OR,2,0,0
OR,3,0,0
OR,4,0,0
OR,5,0,0
OR,6,0,0
OR,7,0,0
OR,8,0,0
OR,9,0,0
OR,10,0,0
OR,11,0,0
OR,12,0,0
OR,13,0,0
OR,14,0,0
OR,15,0,0
OR,16,0,0
OR,17,0,0
OR,18,0,0
OR,19,0,0
OR,20,0,0
OR,21,0,0
OR,22,0,0
OR,23,0,0
OR,24,0,0
OR,25,0,0
OR,26,0,0
OR,27,0,0
OR,28,0,0
OR,29,0,0
OR,30,0,0
OR,31,0,0
OR,32,0,0
OR,33,0,0
OR,34,0,0
OR,35,0,0
OR,36,0,0
OR,37,0,0
OR,38,0,0
OR,39,0,0
OR,40,0,0
OR,41,0,0
OR,42,0,0
OR,43,0,0
OR,44,3420,0
OR,45,85672,0
OR,46,69237,0
OR,47,62072,0
OR,48,139802,3
OR,49,59049,70538
OR,50,21283,62750
OR,51,138775,31964
OR,52,221962,104007
OR,53,510834,53989
OR,54,430553,26073
OR,55,650768,45612
OR,56,1210986,88610
OR,57,656520,119490
OR,58,472720,190291
OR,59,204503,140252
OR,60,118278,200530
OR,61,199850,271268
OR,62,403739,35874
OR,63,578266,29373
OR,64,539812,34276
OR,65,569874,124846
OR,66,671259,176927
OR,67,1497362,215934
OR,68,479221,183594
OR,69,730829,510608
OR,70,463003,355093
OR,71,597235,536092
OR,72,796722,307479
OR,73,1143479,234799
OR,74,1282572,324652
PB,1,0,0
PB,2,0,0
PB,3,0,0
PB,4,0,0
PB,5,0,0
PB,6,0,0
PB,7,0,0
PB,8,0,0
PB,9,0,0
PB,10,0,0
PB,11,0,0
PB,12,0,0
PB,13,0,0
PB,14,0,0
PB,15,0,0
PB,16,0,0
PB,17,0,0
PB,18,0,0
PB,19,0,0
PB,20,0,0
PB,21,0,0
PB,22,0,0
PB,23,0,0
PB,24,0,0
PB,25,0,0
PB,26,0,0
PB,27,0,0
PB,28,0,0
PB,29,0,0
PB,30,0,0
PB,31,0,0
PB,32,0,0
PB,33,0,0
PB,34,0,0
PB,35,0,0
PB,36,0,0
PB,37,0,0
PB,38,0,0
PB,39,0,0
PB,40,0,0
PB,41,0,0
PB,42,0,0
PB,43,0,0
PB,44,339,0
PB,45,16180,0
PB,46,29129,0
PB,47,18751,0
PB,48,27589,62
PB,49,24720,12229
PB,50,32491,20203
PB,51,59316,13338
PB,52,85862,18972
PB,53,151231,19958
PB,54,207963,16206
PB,55,380030,18105
PB,56,584632,32234
PB,57,527457,138914
PB,58,470970,86555
PB,59,405841,121684
PB,60,251366,129499
PB,61,215032,109897
PB,62,154749,19321
PB,63,163373,33459
PB,64,272280,29433
PB,65,290780,22050
PB,66,165350,30184
PB,67,611485,105756
PB,68,564016,205273
PB,69,334440,158426
PB,70,440082,208682
PB,71,234134,199921
PB,72,472618,212914
PB,73,668889,239647
PB,74,544924,315711
PY,1,0,0
PY,2,0,0
PY,3,0,0
PY,4,0,0
PY,5,0,0
PY,6,0,0
PY,7,0,0
PY,8,0,0
PY,9,0,0
PY,10,0,0
PY,11,0,0
PY,12,0,0
PY,13,0,0
PY,14,0,0
PY,15,0,0
PY,16,0,0
PY,17,0,0
PY,18,0,0
PY,19,0,0
PY,20,0,0
PY,21,0,0
PY,22,0,0
PY,23,0,0
PY,24,0,0
PY,25,0,0
PY,26,0,0
PY,27,0,0
PY,28,0,0
PY,29,0,0
PY,30,0,0
PY,31,0,0
PY,32,0,0
PY,33,0,0
PY,34,0,0
PY,35,0,0
PY,36,0,0
PY,37,0,0
PY,38,0,0
PY,39,0,0
PY,40,0,0
PY,41,0,0
PY,42,0,0
PY,43,0,0
PY,44,91,0
PY,45,697,0
PY,46,1203,0
PY,47,895,0
PY,48,2202,48
PY,49,3638,645
PY,50,1021,375
PY,51,4668,984
PY,52,8145,1351
PY,53,14590,1787
PY,54,17329,885
PY,55,17832,1280
PY,56,12729,1883
PY,57,62153,54981
PY,58,10217,0
PY,59,7909,55
PY,60,6010,800
PY,61,5851,480
PY,62,10247,2
PY,63,17850,4
PY,64,21649,9
PY,65,35886,20
PY,66,78806,58
PY,67,59854,321
PY,68,35283,4895
PY,69,24100,33875
PY,70,36157,19851
PY,71,26270,9889
PY,72,24703,6520
PY,73,23033,4694
PY,74,18666,6396
RJ,1,0,0
RJ,2,0,0
RJ,3,0,0
RJ,4,0,0
RJ,5,0,0
RJ,6,0,0
RJ,7,0,0
RJ,8,0,0
RJ,9,0,0
RJ,10,0,0
RJ,11,0,0
RJ,12,0,0
RJ,13,0,0
RJ,14,0,0
RJ,15,0,0
RJ,16,0,0
RJ,17,0,0
RJ,18,0,0
RJ,19,0,0
RJ,20,0,0
RJ,21,0,0
RJ,22,0,0
RJ,23,0,0
RJ,24,0,0
RJ,25,0,0
RJ,26,0,0
RJ,27,0,0
RJ,28,0,0
RJ,29,0,0
RJ,30,0,0
RJ,31,0,0
RJ,32,0,0
RJ,33,0,0
RJ,34,0,0
RJ,35,0,0
RJ,36,0,0
RJ,37,0,0
RJ,38,0,0
RJ,39,0,0
RJ,40,0,0
RJ,41,0,0
RJ,42,0,0
RJ,43,0,0
RJ,44,3227,0
RJ,45,43274,0
RJ,46,256664,0
RJ,47,117576,0
RJ,48,137277,0
RJ,49,183760,36147
RJ,50,13584,178761
RJ,51,893709,96800
RJ,52,630891,115492
RJ,53,1112505,182746
RJ,54,1097138,24193
RJ,55,954861,140736
RJ,56,2812577,307267
RJ,57,849113,242167
RJ,58,930880,527031
RJ,59,510537,331415
RJ,60,568169,392289
RJ,61,707735,328342
RJ,62,737238,36624
RJ,63,740349,56329
RJ,64,745035,116534
RJ,65,1823833,112367
RJ,66,1176028,55717
RJ,67,2694148,398207
RJ,68,1119045,542179
RJ,69,321969,329287
RJ,70,1128551,836374
RJ,71,1079555,757114
RJ,72,1017478,1207701
RJ,73,1757766,735831
RJ,74,1820505,726191
SK,1,0,0
SK,2,0,0
SK,3,0,0
SK,4,0,0
SK,5,0,0
SK,6,0,0
SK,7,0,0
SK,8,0,0
SK,9,0,0
SK,10,0,0
SK,11,0,0
SK,12,0,0
SK,13,0,0
SK,14,0,0
SK,15,0,0
SK,16,0,0
SK,17,0,0
SK,18,0,0
SK,19,0,0
SK,20,0,0
SK,21,0,0
SK,22,0,0
SK,23,0,0
SK,24,0,0
SK,25,0,0
SK,26,0,0
SK,27,0,0
SK,28,0,0
SK,29,0,0
SK,30,0,0
SK,31,0,0
SK,32,0,0
SK,33,0,0
SK,34,0,0
SK,35,0,0
SK,36,0,0
SK,37,0,0
SK,38,0,0
SK,39,0,0
SK,40,0,0
SK,41,0,0
SK,42,0,0
SK,43,0,0
SK,44,7,0
SK,45,292,0
SK,46,1408,0
SK,47,3382,0
SK,48,2953,0
SK,49,4180,699
SK,50,5425,766
SK,51,7574,2791
SK,52,13895,3329
SK,53,12503,2529
SK,54,8783,2809
SK,55,5816,297
SK,56,33745,2018
SK,57,39431,5491
SK,58,14185,11141
SK,59,7785,11726
SK,60,3408,10773
SK,61,1428,5225
SK,62,8466,43
SK,63,4572,16
SK,64,676,61
SK,65,33676,85
SK,66,85132,112
SK,67,72812,1686
SK,68,44863,23584
SK,69,25728,33281
SK,70,22258,17637
SK,71,17658,8405
SK,72,8590,3601
SK,73,6523,2638
SK,74,3675,7299
TG,1,0,0
TG,2,0,0
TG,3,0,0
TG,4,0,0
TG,5,0,0
TG,6,0,0
TG,7,0,0
TG,8,0,0
TG,9,0,0
TG,10,0,0
TG,11,0,0
TG,12,0,0
TG,13,0,0
TG,14,0,0
TG,15,0,0
TG,16,0,0
TG,17,0,0
TG,18,0,0
TG,19,0,0
TG,20,0,0
TG,21,0,0
TG,22,0,0
TG,23,0,0
TG,24,0,0
TG,25,0,0
TG,26,0,0
TG,27,0,0
TG,28,0,0
TG,29,0,0
TG,30,0,0
TG,31,0,0
TG,32,0,0
TG,33,0,0
TG,34,0,0
TG,35,0,0
TG,36,0,0
TG,37,0,0
TG,38,0,0
TG,39,0,0
TG,40,0,0
TG,41,0,0
TG,42,0,0
TG,43,0,0
TG,44,465,0
TG,45,25718,0
TG,46,68817,0
TG,47,40977,0
TG,48,73813,1929
TG,49,67727,77733
TG,50,13908,48002
TG,51,70657,31052
TG,52,101039,49366
TG,53,136218,11761
TG,54,185426,10709
TG,55,401078,18656
TG,56,577584,47348
TG,57,821537,70725
TG,58,915083,136500
TG,59,657889,125830
TG,60,230780,184711
TG,61,63203,249388
TG,62,5288,9671
TG,63,215566,171938
TG,64,602025,56939
TG,65,1213222,40586
TG,66,1196291,42555
TG,67,1165899,91356
TG,68,1089154,215383
TG,69,478232,285436
TG,70,450695,421780
TG,71,201798,541368
TG,72,179850,542890
TG,73,340210,410166
TG,74,483540,258336
TN,1,0,0
TN,2,0,0
TN,3,0,0
TN,4,0,0
TN,5,0,0
TN,6,0,0
TN,7,0,0
TN,8,0,0
TN,9,0,0
TN,10,0,0
TN,11,0,0
TN,12,0,0
TN,13,0,0
TN,14,0,0
TN,15,0,0
TN,16,0,0
TN,17,0,0
TN,18,0,0
TN,19,0,0
TN,20,0,0
TN,21,0,0
TN,22,0,0
TN,23,0,0
TN,24,0,0
TN,25,0,0
TN,26,0,0
TN,27,0,0
TN,28,0,0
TN,29,0,0
TN,30,0,0
TN,31,0,0
TN,32,0,0
TN,33,0,0
TN,34,0,0
TN,35,0,0
TN,36,0,0
TN,37,0,0
TN,38,0,0
TN,39,0,0
TN,40,0,0
TN,41,0,0
TN,42,0,0
TN,43,0,0
TN,44,1035,0
TN,45,29030,0
TN,46,46422,0
TN,47,50802,0
TN,48,72744,559
TN,49,64503,12073
TN,50,30301,20848
TN,51,271399,30860
TN,52,501436,55192
TN,53,623303,63870
TN,54,615092,47301
TN,55,400568,47797
TN,56,430757,105829
TN,57,757782,208201
TN,58,301373,338638
TN,59,279825,392916
TN,60,212384,277808
TN,61,259720,250575
TN,62,238319,49874
TN,63,1311929,52618
TN,64,1125154,84169
TN,65,560716,51664
TN,66,1694228,114440
TN,67,2154249,203657
TN,68,1489166,233203
TN,69,536690,219611
TN,70,1442719,494818
TN,71,1308412,311156
TN,72,1568768,404692
TN,73,1629977,406912
TN,74,1220394,279252
TR,1,0,0
TR,2,0,0
TR,3,0,0
TR,4,0,0
TR,5,0,0
TR,6,0,0
TR,7,0,0
TR,8,0,0
TR,9,0,0
TR,10,0,0
TR,11,0,0
TR,12,0,0
TR,13,0,0
TR,14,0,0
TR,15,0,0
TR,16,0,0
TR,17,0,0
TR,18,0,0
TR,19,0,0
TR,20,0,0
TR,21,0,0
TR,22,0,0
TR,23,0,0
TR,24,0,0
TR,25,0,0
TR,26,0,0
TR,27,0,0
TR,28,0,0
TR,29,0,0
TR,30,0,0
TR,31,0,0
TR,32,0,0
TR,33,0,0
TR,34,0,0
TR,35,0,0
TR,36,0,0
TR,37,0,0
TR,38,0,0
TR,39,0,0
TR,40,0,0
TR,41,0,0
TR,42,0,0
TR,43,0,0
TR,44,107,0
TR,45,3242,0
TR,46,17993,0
TR,47,10893,0
TR,48,29275,334
TR,49,19365,11080
TR,50,7214,9588
TR,51,18629,7932
TR,52,25927,18620
TR,53,116361,19131
TR,54,303750,8267
TR,55,83350,5479
TR,56,84824,11190
TR,57,45278,22355
TR,58,54367,77270
TR,59,86924,162825
TR,60,45448,111604
TR,61,32583,40986
TR,62,59022,334
TR,63,36084,580
TR,64,46963,469
TR,65,19783,4493
TR,66,236415,24532
TR,67,510210,36598
TR,68,104894,40919
TR,69,59108,32856
TR,70,82326,44761
TR,71,69473,49589
TR,72,150211,43390
TR,73,45271,14927
TR,74,28407,26677
UP,1,0,0
UP,2,0,0
UP,3,0,0
UP,4,0,0
UP,5,0,0
UP,6,0,0
UP,7,0,0
UP,8,0,0
UP,9,0,0
UP,10,0,0
UP,11,0,0
UP,12,0,0
UP,13,0,0
UP,14,0,0
UP,15,0,0
UP,16,0,0
UP,17,0,0
UP,18,0,0
UP,19,0,0
UP,20,0,0
UP,21,0,0
UP,22,0,0
UP,23,0,0
UP,24,0,0
UP,25,0,0
UP,26,0,0
UP,27,0,0
UP,28,0,0
UP,29,0,0
UP,30,0,0
UP,31,0,0
UP,32,0,0
UP,33,0,0
UP,34,0,0
UP,35,0,0
UP,36,0,0
UP,37,0,0
UP,38,0,0
UP,39,0,0
UP,40,0,0
UP,41,0,0
UP,42,0,0
UP,43,0,0
UP,44,2212,0
UP,45,28432,0
UP,46,402396,0
UP,47,205067,0
UP,48,226272,2
UP,49,272211,100269
UP,50,144485,287282
UP,51,204710,141651
UP,52,544744,91884
UP,53,1272671,274272
UP,54,1081781,125298
UP,55,1126447,47118
UP,56,1744330,170312
UP,57,1846543,371808
UP,58,677399,387326
UP,59,551585,372185
UP,60,583469,410587
UP,61,808617,480241
UP,62,1182001,84511
UP,63,1639131,105051
UP,64,2080422,177414
UP,65,2559576,167611
UP,66,2403130,228355
UP,67,4542151,298371
UP,68,1646890,498300
UP,69,3591625,977354
UP,70,2461828,724122
UP,71,3349507,687771
UP,72,3306246,581056
UP,73,4712487,601298
UP,74,3049900,788694
UT,1,0,0
UT,2,0,0
UT,3,0,0
UT,4,0,0
UT,5,0,0
UT,6,0,0
UT,7,0,0
UT,8,0,0
UT,9,0,0
UT,10,0,0
UT,11,0,0
UT,12,0,0
UT,13,0,0
UT,14,0,0
UT,15,0,0
UT,16,0,0
UT,17,0,0
UT,18,0,0
UT,19,0,0
UT,20,0,0
UT,21,0,0
UT,22,0,0
UT,23,0,0
UT,24,0,0
UT,25,0,0
UT,26,0,0
UT,27,0,0
UT,28,0,0
UT,29,0,0
UT,30,0,0
UT,31,0,0
UT,32,0,0
UT,33,0,0
UT,34,0,0
UT,35,0,0
UT,36,0,0
UT,37,0,0
UT,38,0,0
UT,39,0,0
UT,40,0,0
UT,41,0,0
UT,42,0,0
UT,43,0,0
UT,44,511,0
UT,45,2727,0
UT,46,20684,0
UT,47,46416,0
UT,48,39628,403
UT,49,28286,7886
UT,50,9846,12215
UT,51,42864,35259
UT,52,66264,29830
UT,53,119424,27835
UT,54,122378,10289
UT,55,225500,16129
UT,56,380519,39160
UT,57,219846,61996
UT,58,194108,91544
UT,59,155973,91535
UT,60,93767,156907
UT,61,196189,99421
UT,62,126924,618
UT,63,116420,2054
UT,64,130434,3882
UT,65,252104,7837
UT,66,218938,37386
UT,67,616128,35808
UT,68,238405,95017
UT,69,235014,127012
UT,70,136605,175502
UT,71,174450,150844
UT,72,260427,119842
UT,73,552522,138712
UT,74,472556,147531
WB,1,0,0
WB,2,0,0
WB,3,0,0
WB,4,0,0
WB,5,0,0
WB,6,0,0
WB,7,0,0
WB,8,0,0
WB,9,0,0
WB,10,0,0
WB,11,0,0
WB,12,0,0
WB,13,0,0
WB,14,0,0
WB,15,0,0
WB,16,0,0
WB,17,0,0
WB,18,0,0
WB,19,0,0
WB,20,0,0
WB,21,0,0
WB,22,0,0
WB,23,0,0
WB,24,0,0
WB,25,0,0
WB,26,0,0
WB,27,0,0
WB,28,0,0
WB,29,0,0
WB,30,0,0
WB,31,0,0
WB,32,0,0
WB,33,0,0
WB,34,0,0
WB,35,0,0
WB,36,0,0
WB,37,0,0
WB,38,0,0
WB,39,0,0
WB,40,0,0
WB,41,0,0
WB,42,0,0
WB,43,0,0
WB,44,1849,0
WB,45,40537,0
WB,46,184540,0
WB,47,114422,0
WB,48,169536,589
WB,49,148101,44808
WB,50,350106,101681
WB,51,374451,100987
WB,52,754891,131547
WB,53,1070602,133525
WB,54,1158590,136184
WB,55,1222479,97205
WB,56,1792767,214758
WB,57,639057,257805
WB,58,728946,600814
WB,59,486951,711748
WB,60,141351,794648
WB,61,139500,634877
WB,62,365758,104842
WB,63,1228088,48159
WB,64,1883140,77423
WB,65,1700798,102359
WB,66,1280102,221530
WB,67,1818186,502400
WB,68,925437,787960
WB,69,657062,952138
WB,70,882272,1133353
WB,71,977711,778500
WB,72,1540089,522163
WB,73,2416383,414147
WB,74,1968049,353313
